USE delivery_app;

CREATE TABLE USER_TABLE ( 
		USER_NO INT,
		USER_ID VARCHAR(20),
		USER_PWD VARCHAR(30) NOT NULL,  -- NOT NULLì€ ì»¬ëŸ¼ ë ˆë²¨ë§Œ ê°€ëŠ¥
		GENDER VARCHAR(10),  
		-- ðŸ‘‡ í…Œì´ë¸” ë ˆë²¨ ì œì•½ì¡°ê±´ë“¤ 
		CONSTRAINT PK_USER_NO PRIMARY KEY(USER_NO), 
		CONSTRAINT UK_USER_ID UNIQUE(USER_ID), 
		CONSTRAINT CK_GENDER CHECK(GENDER IN ('ë‚¨', 'ì—¬')) 
);

CREATE TABLE USER_TABLE ( 
        USER_NO INT PRIMARY KEY,                    -- ì»¬ëŸ¼ ë ˆë²¨ PK 
        USER_ID VARCHAR(20) UNIQUE,                 -- ì»¬ëŸ¼ ë ˆë²¨ UNIQUE 
        USER_PWD VARCHAR(30) NOT NULL,              -- ì»¬ëŸ¼ ë ˆë²¨ NOT NULL 
        GENDER VARCHAR(10) CHECK(GENDER IN ('ë‚¨', 'ì—¬')) -- ì»¬ëŸ¼ ë ˆë²¨ CHECK 
);

/*
LIBRARY_MEMBER í…Œì´ë¸”ì„ ìƒì„±í•˜ì„¸ìš”.

ì»¬ëŸ¼ ì •ë³´:
- MEMBER_NO: íšŒì›ë²ˆí˜¸ (ìˆ«ìž, ê¸°ë³¸í‚¤)
- MEMBER_NAME: íšŒì›ì´ë¦„ (ìµœëŒ€ 20ìž, í•„ìˆ˜ìž…ë ¥)
- EMAIL: ì´ë©”ì¼ (ìµœëŒ€ 50ìž, ì¤‘ë³µë¶ˆê°€)
- PHONE: ì „í™”ë²ˆí˜¸ (ìµœëŒ€ 15ìž)
- AGE: ë‚˜ì´ (ìˆ«ìž, 7ì„¸ ì´ìƒ 100ì„¸ ì´í•˜ë§Œ ê°€ëŠ¥)
- JOIN_DATE: ê°€ìž…ì¼ (ë‚ ì§œì‹œê°„, ê¸°ë³¸ê°’ì€ í˜„ìž¬ì‹œê°„)

ì œì•½ì¡°ê±´ëª… ê·œì¹™:
- PK: PK_í…Œì´ë¸”ëª…_ì»¬ëŸ¼ëª…
- UK: UK_í…Œì´ë¸”ëª…_ì»¬ëŸ¼ëª…  
- CK: CK_í…Œì´ë¸”ëª…_ì»¬ëŸ¼ëª…
*/

CREATE TABLE LIBRARY_MEMBER (
-- ë‹¤ë¥¸ SQLì—ì„œëŠ” ì»¬ëŸ¼ ë ˆë²¨ë¡œ ì œì•½ì¡°ê±´ì„ ìž‘ì„±í•  ë•Œ CONSTRAINT ë¥¼ ì´ìš©í•´ì„œ
-- ì œì•½ì¡°ê±´ì˜ ëª…ì¹­ì„ ì„¤ì •í•  ìˆ˜ ìžˆì§€ë§Œ
-- MYSQLì€ ì œì•½ì¡°ê±´ ëª…ì¹­ì„ MYSQL ìžì²´ì—ì„œ ìžë™ìƒì„± í•´ì£¼ê¸° ë•Œë¬¸ì— ëª…ì¹­ ìž‘ì„±ì„ ì»¬ëŸ¼ë ˆë²¨ì—ì„œ í•  ìˆ˜ ì—†ìŒ
-- ì»¬ëŸ¼ëª…ì¹­     ìžë£Œí˜•(ìžë£Œí˜•í¬ê¸°)     ì œì•½ì¡°ê±´           ì œì•½ì¡°ê±´ëª…ì¹­               ì œì•½ì¡°ê±´ë“¤ì„¤ì •
-- MEMBER_NO       INT      CONSTRAINT    PK_LIBRARY_MEMBER_MEMBER_NO   PRIMARY KEY,

MEMBER_NO INT PRIMARY KEY, -- CONSTRAINT PK_LIBRARY_MEMBER_MEMBER_NO ì™€ ê°™ì€ ëª…ì¹­ ìžë™ìƒì„±ë¨
MEMBER_NAME VARCHAR(20) NOT NULL,
EMAIL VARCHAR(50) UNIQUE, -- CONSTRAINT UK_LIBRARY_MEMBER_EMAIL ì™€ ê°™ì€ ì œì•½ì¡°ê±´ ëª…ì¹­ ìžë™ ìƒì„±ë˜ê³  ê´€ë¦¬
PHONE VARCHAR(15),
AGE INT CONSTRAINT CK_LIBRARY_MEMBER_AGE CHECK(AGE >= 7 AND AGE <= 100),
JOIN_DATE TIMESTAMP DEFAULT CURRENT_TIMESTAMP
);

/*
MEMBER_NO, EMAILì—ëŠ” ì œì•½ì¡°ê±´ ëª…ì¹­ ì„¤ì •ì´ ì•ˆë˜ì§€ë§Œ 
ë‹¨ìˆœížˆ PK, UNIQUE, FK, NOT NULLê³¼ ê°™ì´ í•œ ë‹¨ì–´ë¡œ í‚¤ í˜•íƒœë¥¼ ìž‘ì„±í•˜ëŠ” ê²½ìš° ì œì•½ì¡°ê±´ ëª…ì¹­ ì„¤ì • ë¶ˆê°€ëŠ¥

AGEì—ì„œëŠ” ì œì•½ì¡°ê±´ ëª…ì¹­ì´ ì„¤ì •ë˜ëŠ” ì´ìœ 
CHECKì²˜ëŸ¼ ì œì•½ì¡°ê±´ì´ ìƒì„¸í•  ê²½ìš°ì—ëŠ” ì œì•½ì¡°ê±´ ëª…ì¹­ ì„¤ì • ê°€ëŠ¥
CHECKë§Œ ê°œë°œìžê°€ ì§€ì •í•œ ì œì•½ì¡°ê±´ ëª…ì¹­ ì„¤ì • ê°€ëŠ¥
*/

-- ìš°ë¦¬íšŒì‚¬ëŠ” ì´ë©”ì¼ì„ ìµœëŒ€ 20ê¸€ìž ìž‘ì„±ìœ¼ë¡œ ì„¤ì • -> 21ê¸€ìž ìœ ì €ê°€ íšŒì›ê°€ìž…ì´ ì•ˆëœë‹¤!!! 
INSERT INTO LIBRARY_MEMBER (MEMBER_NO, MEMBER_NAME, EMAIL, PHONE, AGE)
VALUES (1, 'ê¹€ë…ì„œ', 'kim@email.com', '010-1234-5678', 25);

-- Error Code : 1406. Data too long for column 'EMAIL' at row 1 0.016 sec
-- ì»¬ëŸ¼ì—ì„œ ë„£ì„ ìˆ˜ ìžˆëŠ” í¬ê¸°ì— ë¹„í•´ ë°ì´í„°ì–‘ì´ ë§Žì„ ë•Œ ë°œìƒí•˜ëŠ” ë¬¸ì œ

-- ë°©ë²• 1ë²ˆ : DROP í•´ì„œ í…Œì´ë¸” ìƒˆë¡œ ìƒì„±í•œë‹¤. -> ê¸°ì¡´ ë°ì´í„°ëŠ”..? íšŒì‚¬ íì—… ì—”ë”©

-- ë°©ë²• 2ë²ˆ : EMAIL ì»¬ëŸ¼ì˜ í¬ê¸° ë³€ê²½ 

-- 1. EMAIL ì»¬ëŸ¼ì„ 5ìžì—ì„œ 50ìžë¡œ ë³€ê²½
ALTER TABLE LIBRARY_MEMBER
MODIFY EMAIL VARCHAR(50) UNIQUE;
-- ALTERë¡œ ì»¬ëŸ¼ ì†ì„±ì„ ë³€ê²½í•  ê²½ìš° ì»¬ëŸ¼ëª…ì¹­ì— í•´ë‹¹í•˜ëŠ” ì •ë³´ë¥¼ í•˜ë‚˜ ë” ë§Œë“¤ì–´ë†“ì€ í›„ í•´ë‹¹í•˜ëŠ” ì œì•½ì¡°ê±´ ë™ìž‘
-- ALTERì—ì„œ ìžì„¸í•œ ì„¤ëª… ì§„í–‰..
/*
ALTERë¡œ ì»¬ëŸ¼ì— í•´ë‹¹í•˜ëŠ” ì¡°ê±´ì„ ìˆ˜ì •í•  ê²½ìš°
Indexesì— ì»¬ëŸ¼ëª…_1 ì»¬ëŸ¼ëª…_2 ì»¬ëŸ¬ëª…_3... ê³¼ ê°™ì€ í˜•ì‹ìœ¼ë¡œ ì¶”ê°€ê°€ë¨

Indexes
EMAIL
EMAIL_2ì™€ ê°™ì€ í˜•íƒœë¡œ ì¡´ìž¬

EMAILì˜ ê²½ìš° ì œì•½ ì¡°ê±´ VARCHAR(5) UNIQUE,
EMAIL_2 ì˜ ê²½ìš° ì œì•½ì¡°ê±´ VARCHAR(50) UNIQUE,

ì»¬ëŸ¼ì´ë¦„ ì¸ë±ìŠ¤ë“¤
EMAIL     EMAIL, EMAIL_2 ì¤‘ì—ì„œ ê°€ìž¥ ìµœê·¼ì— ìƒì„±ëœ ëª…ì¹­ìœ¼ë¡œ ì—°ê²°
          í•˜ì§€ë§Œ ìƒˆë¡œ ìƒì„±ëœ ì¡°ê±´ë“¤ì´ ë§ˆìŒì— ë“¤ì§€ ì•Šì•„ ë˜ëŒë¦¬ê³  ì‹¶ì€ ê²½ìš°ì—ëŠ”
          EMAILê³¼ ê°™ì´ ê¸°ì¡´ì— ìƒì„±í•œ ì¡°ê±´ì„ ì¸ë±ìŠ¤ ëª…ì¹­ì„ í†µí•´ ë˜ëŒì•„ ì„¤ì •í•  ìˆ˜ ìžˆìŒ
          ì¸ë±ìŠ¤ = ì œì•½ì¡°ê±´ëª…ì¹­ ë™ì¼
*/

SELECT * FROM LIBRARY_MEMBER;


-- ì œì•½ì¡°ê±´ ìœ„ë°˜ í…ŒìŠ¤íŠ¸ (ì—ëŸ¬ê°€ ë°œìƒí•´ì•¼ ì •ìƒ)
INSERT INTO LIBRARY_MEMBER VALUES (1, 'ë°•ì¤‘ë³µ', 'park@email.com', '010-9999-8888', 30, DEFAULT); -- PK ì¤‘ë³µ
INSERT INTO LIBRARY_MEMBER VALUES (6, 'ì´ë‚˜ì´', 'lee@email.com', '010-7777-6666', 5, DEFAULT); -- ë‚˜ì´ ì œí•œ ìœ„ë°˜

INSERT INTO LIBRARY_MEMBER VALUES (2, 'ë°•ì¤‘ë³µ', 'park@email.com', '010-9999-8888', 30, DEFAULT);

/*
ì˜¨ë¼ì¸ ì‡¼í•‘ëª°ì˜ PRODUCT(ìƒí’ˆ) í…Œì´ë¸”ê³¼ ORDER_ITEM(ì£¼ë¬¸ìƒí’ˆ) í…Œì´ë¸”ì„ ìƒì„±í•˜ì„¸ìš”.

1) PRODUCT í…Œì´ë¸”:
- PRODUCT_ID: ìƒí’ˆì½”ë“œ (ë¬¸ìž 10ìž, ê¸°ë³¸í‚¤)
- PRODUCT_NAME: ìƒí’ˆëª… (ë¬¸ìž 100ìž, í•„ìˆ˜ìž…ë ¥)
- PRICE: ê°€ê²© (ìˆ«ìž, 0ë³´ë‹¤ í° ê°’ë§Œ ê°€ëŠ¥)
- STOCK: ìž¬ê³ ìˆ˜ëŸ‰ (ìˆ«ìž, 0 ì´ìƒë§Œ ê°€ëŠ¥, ê¸°ë³¸ê°’ 0)
- STATUS: íŒë§¤ìƒíƒœ ('íŒë§¤ì¤‘', 'í’ˆì ˆ', 'ë‹¨ì¢…' ì¤‘ í•˜ë‚˜ë§Œ ê°€ëŠ¥, ê¸°ë³¸ê°’ 'íŒë§¤ì¤‘')

2) ORDER_ITEM í…Œì´ë¸”:
- ORDER_NO: ì£¼ë¬¸ë²ˆí˜¸ (ë¬¸ìž 20ìž)  
- PRODUCT_ID: ìƒí’ˆì½”ë“œ (ë¬¸ìž 10ìž)
- QUANTITY: ì£¼ë¬¸ìˆ˜ëŸ‰ (ìˆ«ìž, 1 ì´ìƒë§Œ ê°€ëŠ¥)
- ORDER_DATE: ì£¼ë¬¸ì¼ì‹œ (ë‚ ì§œì‹œê°„, ê¸°ë³¸ê°’ì€ í˜„ìž¬ì‹œê°„)

ì£¼ì˜ì‚¬í•­:
- ORDER_ITEMì˜ PRODUCT_IDëŠ” PRODUCT í…Œì´ë¸”ì˜ PRODUCT_IDë¥¼ ì°¸ì¡°í•´ì•¼ í•¨
- ORDER_ITEMì€ (ì£¼ë¬¸ë²ˆí˜¸ + ìƒí’ˆì½”ë“œ) ì¡°í•©ìœ¼ë¡œ ê¸°ë³¸í‚¤ ì„¤ì • (ë³µí•©í‚¤)
*/
DROP TABLE PRODUCT;
DROP TABLE ORDER_ITEM;

CREATE TABLE PRODUCT(
PRODUCT_ID VARCHAR(10) PRIMARY KEY, -- AUTO_INCREMENT ì •ìˆ˜ë§Œ ê°€ëŠ¥ VARCHAR ì‚¬ìš© ë¶ˆê°€
PRODUCT_NAME VARCHAR(100) NOT NULL,
PRICE INT CONSTRAINT CK_PRODUCT_PRICE CHECK(PRICE > 0),
STOCK INT DEFAULT 0 CHECK(STOCK >= 0), -- constraint ì œì•½ì¡°ê±´ ì œì•½ì¡°ê±´ëª…ì¹­ì€ í•„ìˆ˜ê°€ ì•„ë‹˜ ìž‘ì„± ì•ˆí–ˆì„ ê²½ìš° ìžë™ì™„ì„±
STATUS VARCHAR(20) DEFAULT 'íŒë§¤ì¤‘' CONSTRAINT CK_PRODUCT_STATUS CHECK(STATUS IN ('íŒë§¤ì¤‘', 'í’ˆì ˆ', 'ë‹¨ì¢…'))
);

CREATE TABLE ORDER_ITEM(
ORDER_NO VARCHAR(20),
PRODUCT_ID VARCHAR(10),
QUANTITY INT CHECK(QUANTITY >= 1 ),
ORDER_DATE DATETIME DEFAULT CURRENT_TIMESTAMP
);

INSERT INTO PRODUCT VALUES ('P001', 'ë…¸íŠ¸ë¶', 1200000, 10, 'íŒë§¤ì¤‘');
INSERT INTO PRODUCT VALUES ('P002', 'ë§ˆìš°ìŠ¤', 25000, 50, 'íŒë§¤ì¤‘');
INSERT INTO PRODUCT VALUES ('P003', 'í‚¤ë³´ë“œ', 80000, 0, 'í’ˆì ˆ');

INSERT INTO ORDER_ITEM VALUES ('ORD001', 'P001', 2, DEFAULT);
INSERT INTO ORDER_ITEM VALUES ('ORD001', 'P002', 1, DEFAULT);
INSERT INTO ORDER_ITEM VALUES ('ORD002', 'P002', 3, '2024-03-06 14:30:00');

-- CREATE TABLE í•  ë•Œ FK(FOREIGN KEY)ë¥¼ ìž‘ì„±í•˜ì§€ ì•Šì•„
-- ì¡´ìž¬í•˜ì§€ ì•ŠëŠ” ì œí’ˆë²ˆí˜¸ì˜ ì£¼ë¬¸ì´ ë“¤ì–´ì˜¤ëŠ” ë¬¸ì œê°€ ë°œìƒ
-- ì œí’ˆì´ ì¡´ìž¬í•˜ê³ , ì œí’ˆë²ˆí˜¸ì— ë”°ë¥¸ ì£¼ë¬¸
INSERT INTO ORDER_ITEM VALUES ('ORD003', 'P999', 1, DEFAULT);

-- í…Œì´ë¸” ë‹¤ì‹œ ìƒì„±
-- í…Œì´ë¸”ì´ ì¡´ìž¬í•˜ëŠ”ê²Œ ë§žë‹¤ë©´ ì‚­ì œí•˜ê² ì–´
-- ì™¸ëž˜í‚¤ê°€ ì„¤ì •ë˜ì—ˆì„ ê²½ìš° ë©”ì¸ í…Œì´ë¸”ì€
-- ë©”ì¸ì„ ê¸°ì¤€ìœ¼ë¡œ ì—°ê²°ëœ ë°ì´í„°ê°€ ìžì‹í…Œì´ë¸”ì— ì¡´ìž¬í•  ê²½ìš°
-- ìžì‹ í…Œì´ë¸”ì„ ì‚­ì œí•œ í›„ ë©”ì¸ í…Œì´ë¸” ì‚­ì œí•  ìˆ˜ ìžˆë‹¤.
-- -> ORDER_ITEM ì‚­ì œí•œ í›„ PRODUCT í…Œì´ë¸”ì„ ì‚­ì œí•  ìˆ˜ ìžˆë‹¤.
DROP TABLE IF EXISTS PRODUCT;
DROP TABLE IF EXISTS ORDER_ITEM;

-- ë©”ì¸ì´ ë˜ëŠ” ê¸°ì¤€ì´ ë˜ëŠ” í…Œì´ë¸” ìƒì„±
CREATE TABLE PRODUCT(
PRODUCT_ID VARCHAR(10) PRIMARY KEY, -- AUTO_INCREMENT ì •ìˆ˜ë§Œ ê°€ëŠ¥ VARCHAR ì‚¬ìš© ë¶ˆê°€
PRODUCT_NAME VARCHAR(100) NOT NULL,
PRICE INT CONSTRAINT CK_PRODUCT_PRICE CHECK(PRICE > 0),
STOCK INT DEFAULT 0 CHECK(STOCK >= 0), -- constraint ì œì•½ì¡°ê±´ ì œì•½ì¡°ê±´ëª…ì¹­ì€ í•„ìˆ˜ê°€ ì•„ë‹˜ ìž‘ì„± ì•ˆí–ˆì„ ê²½ìš° ìžë™ì™„ì„±
STATUS VARCHAR(20) DEFAULT 'íŒë§¤ì¤‘' CONSTRAINT CK_PRODUCT_STATUS CHECK(STATUS IN ('íŒë§¤ì¤‘', 'í’ˆì ˆ', 'ë‹¨ì¢…'))
);

/*
-- ORDER_ITEM í…Œì´ë¸” ì•ˆì—ì„œ PRODUCT_ID ì»¬ëŸ¼ì€ PRODUCT í…Œì´ë¸” ë‚´ì— ì¡´ìž¬í•˜ëŠ” ì»¬ëŸ¼ ì¤‘ PRODUCT_ID ì»¬ëŸ¼ëª…ì¹­ê³¼ ì—°ê²°í•  ê²ƒì´ë‹¤.
-- ë‹¨ìˆœ ì°¸ì¡°ìš©
-- PRODUCT_ID VARCHAR(10) REFERENCES PRODUCT(PRIDUCT_ID), -- CONSTRAINT ì œì•½ì¡°ê±´ëª…ì¹­ ìžë™ ìƒì„± 
-- ìƒí’ˆì´ ìžˆì–´ì•¼ ì£¼ë¬¸ ê°€ëŠ¥
-- ì™¸ëž˜í‚¤ë¥¼ ìž‘ì„±í•  ë•ŒëŠ” ë°˜ë“œì‹œ FOREIGN KEYë¼ëŠ” ëª…ì¹­ì´ í•„ìˆ˜ë¡œ ì»¬ëŸ¼ ë ˆë²¨ì´ë‚˜ í…Œì´ë¸” ë ˆë²¨ì´ ë¬´ì¡°ê±´ ë“¤ì–´ê°€ì•¼í•¨
*/

-- ORDER_ITEMì—ì„œ
-- CONSTRAIN ABC FOREIGN KEY (PRODUCT_ID) REDERENCES PRODUCT(PRODUCT_ID) í…Œì´ë¸” ë ˆë²¨ë¡œ ì¡´ìž¬í•˜ëŠ” ì™¸ëž˜í‚¤ë¥¼
-- ìœ„ ë‚´ìš© ì°¸ì¡°í•˜ì—¬ ì»¬ëŸ¼ ë ˆë²¨ë¡œ ì„¤ì •í•´ì„œ ORDER_ITEM í…Œì´ë¸” ìƒì„±
-- ìƒí’ˆì´ ìžˆì–´ì•¼ ì£¼ë¬¸ ê°€ëŠ¥
-- MYSQLì—ì„œ FOREUGN KEY ë˜í•œ í…Œì´ë¸” ì»¬ëŸ¼ í˜•íƒœë¡œ ìž‘ì„±
CREATE TABLE ORDER_ITEM(
ORDER_NO VARCHAR(20),
PRODUCT_ID VARCHAR(10), 
QUANTITY INT CHECK(QUANTITY >= 1 ),
ORDER_DATE DATETIME DEFAULT CURRENT_TIMESTAMP,
CONSTRAINT ABC FOREIGN KEY (PRODUCT_ID) REFERENCES PRODUCT(PRODUCT_ID)
/*
-- ORDER_ITEM í…Œì´ë¸” ì•ˆì—ì„œ PRODUCT_ID ì»¬ëŸ¼ì€ PRODUCT í…Œì´ë¸” ë‚´ì— ì¡´ìž¬í•˜ëŠ” ì»¬ëŸ¼ ì¤‘ PRODUCT_ID ì»¬ëŸ¼ëª…ì¹­ê³¼ ì—°ê²°í•  ê²ƒì´ë‹¤.
-- ë‹¨ìˆœ ì°¸ì¡°ìš©
-- PRODUCT_ID VARCHAR(10) REFERENCES PRODUCT(PRIDUCT_ID), -- CONSTRAINT ì œì•½ì¡°ê±´ëª…ì¹­ ìžë™ ìƒì„± 
-- ìƒí’ˆì´ ìžˆì–´ì•¼ ì£¼ë¬¸ ê°€ëŠ¥
-- ì™¸ëž˜í‚¤ë¥¼ ìž‘ì„±í•  ë•ŒëŠ” ë°˜ë“œì‹œ FOREIGN KEYë¼ëŠ” ëª…ì¹­ì´ í•„ìˆ˜ë¡œ ì»¬ëŸ¼ ë ˆë²¨ì´ë‚˜ í…Œì´ë¸” ë ˆë²¨ì´ ë¬´ì¡°ê±´ ë“¤ì–´ê°€ì•¼í•¨
-- ì™¸ëž˜í‚¤ì˜ ê²½ìš°ì—ëŠ” ë³´í†µ í…Œì´ë¸” ë ˆë²¨ í˜•íƒœë¡œ ìž‘ì„±
-- ORDER_ITEM í…Œì´ë¸”ë‚´ ì¡´ìž¬í•˜ëŠ” PRODUCT_IDëŠ” PRODUCTí…Œì´ë¸”ì— PRODUCT_IDë¥¼ ì°¸ì¡°í•  ê²ƒì´ë‹¤
-- ë¼ëŠ” ì¡°ê±´ì˜ ë‚´ìš©ì„ ABCë¼ëŠ” ëª…ì¹­ ë‚´ì— ì €ìž¥í•˜ê² ë‹¤ ì„¤ì •
*/

);

INSERT INTO PRODUCT VALUES ('P001', 'ë…¸íŠ¸ë¶', 1200000, 10, 'íŒë§¤ì¤‘');
INSERT INTO PRODUCT VALUES ('P002', 'ë§ˆìš°ìŠ¤', 25000, 50, 'íŒë§¤ì¤‘');
INSERT INTO PRODUCT VALUES ('P003', 'í‚¤ë³´ë“œ', 80000, 0, 'í’ˆì ˆ');

INSERT INTO ORDER_ITEM VALUES ('ORD001', 'P001', 2, DEFAULT);
INSERT INTO ORDER_ITEM VALUES ('ORD001', 'P002', 1, DEFAULT);
INSERT INTO ORDER_ITEM VALUES ('ORD002', 'P002', 3, '2024-03-06 14:30:00');

-- CREATE TABLE í•  ë•Œ FK(FOREIGN KEY)ë¥¼ ìž‘ì„±í•˜ì§€ ì•Šì•„
-- ì¡´ìž¬í•˜ì§€ ì•ŠëŠ” ì œí’ˆë²ˆí˜¸ì˜ ì£¼ë¬¸ì´ ë“¤ì–´ì˜¤ëŠ” ë¬¸ì œê°€ ë°œìƒ
-- ì œí’ˆì´ ì¡´ìž¬í•˜ê³ , ì œí’ˆë²ˆí˜¸ì— ë”°ë¥¸ ì£¼ë¬¸
INSERT INTO ORDER_ITEM VALUES ('ORD003', 'P999', 1, DEFAULT);
-- PRODUCT í…Œì´ë¸”ì— ì¡´ìž¬í•˜ì§€ ì•Šì€ ìƒí’ˆë²ˆí˜¸ë¡œ ì£¼ë¬¸ì´ ë“¤ì–´ì™€ ì™¸ëž˜í‚¤ ì¡°ê±´ì— ìœ„ë°°ë˜ëŠ” í˜„ìƒ ë°œìƒìœ¼ë¡œ ì£¼ë¬¸ ë°›ì§€ ì•ŠìŒ
-- Error Code: 1452. Cannot add or update a child row: a foreign key constraint fails (`delivery_app`.`order_item`, CONSTRAINT `ABC` FOREIGN KEY (`PRODUCT_ID`) REFERENCES `product` (`PRODUCT_ID`))	0.015 sec




-- YEARê³¼ ê°™ì´ SQLì—ì„œ ì‚¬ìš©í•˜ëŠ” ì˜ˆì•½ì–´ë¥¼ SQLì—ì„œëŠ” ì»¬ëŸ¼ëª…ì¹­ìœ¼ë¡œ ì‚¬ìš© ê°€ëŠ¥í•˜ë‚˜
-- ì˜ˆì•½ì–´ëŠ” ë˜ë„ë¡ì´ë©´ ì»¬ëŸ¼ëª…ì¹­ ì‚¬ìš© ì§€ì–‘
CREATE TABLE STUDENT(
STUDENT_ID VARCHAR(10) PRIMARY KEY,
STUDENT_NAME VARCHAR(30) NOT NULL,
MAJOR VARCHAR(50),
YEAR INT CHECK(YEAR >= 1 AND YEAR <= 4), -- CHECK ë‚´ì— ì¡´ìž¬í•˜ëŠ” YEAR ì»¬ëŸ¼ëª… YEAR ê°’ ì œí•œ
EMAIL VARCHAR(100) UNIQUE
);

CREATE TABLE SUBJECT(
SUBJECT_ID VARCHAR(10) PRIMARY KEY,
SUBJECT_NAME VARCHAR(100) NOT NULL,
CREDIT INT CHECK(CREDIT >= 1 AND CREDIT <= 4)
);

CREATE TABLE SCORE(
STUDENT_ID VARCHAR(10),
SUBJECT_ID VARCHAR(10),
SCORE INT CHECK(SCORE >= 0 AND SCORE <= 100),
SEMESTER VARCHAR(10) NOT NULL,
SCORE_DATE TIMESTAMP DEFAULT CURRENT_TIMESTAMP,

-- ì™¸ëž˜í‚¤
-- ê¸°ë³¸ ë¬¸ë²•
-- ì œì•½ì¡°ê±´ì‹œìž‘ ì œì•½ì¡°ê±´ëª…ì¹­ ì™¸ëž˜í‚¤(ì œì•½ì¡°ê±´ì„ ê±¸ ì»¬ëŸ¼ëª…ì¹­)   ì°¸ì¡°í•˜ë‹¤   ë©”ì¸í…Œì´ë¸”(ë‚´ì— ì¡´ìž¬í•˜ëŠ” ì»¬ëŸ¼ëª…ì¹­)
-- CONSTRAINT   ëª…ì¹­    FOREIGN KEY(ì»¬ëŸ¼ëª…ì¹­)    REFERENCES   ~
-- STUDENT í…Œì´ë¸”ê³¼ SUBJECT í…Œì´ë¸”ì€ SCORE í…Œì´ë¸”ê³¼ SCORE í…Œì´ë¸” ë‚´ ë°ì´í„°ê°€ ì‚¬ë¼ì§€ê¸° ì „ê¹Œì§€
-- ì—°ê²°ë˜ì–´ ìžˆëŠ” STUDENT í…Œì´ë¸”ê³¼ SUBJECT í…Œì´ë¸”ì€ ì‚­ì œí•  ìˆ˜ ì—†ë‹¤.
CONSTRAINT FK_SCORE_STUDENT_ID FOREIGN KEY (STUDENT_ID) REFERENCES STUDENT(STUDENT_ID),
CONSTRAINT FK_SCORE_SUBJECT_ID FOREIGN KEY (SUBJECT_ID) REFERENCES SUBJECT(SUBJECT_ID),
PRIMARY KEY (STUDENT_ID, SUBJECT_ID, SEMESTER)
);
-- Error Code: 3813. Column check constraint 'score_chk_1' references other column.	0.000 sec
-- SCORE INT CHECK(CREDIT >= 0 AND CREDIT <= 100), --> SCORE ì»¬ëŸ¼ëª… ì œì•½ì¡°ê±´ì—ì„œ ê´€ë ¨ì—†ëŠ” CREDITëª…ì¹­ì„ ìž‘ì„±í–ˆê¸° ë–„ë¬¸
-- > ê°™ì´ ìˆ˜ì •í•˜ë©´ ì—ëŸ¬ ë¬¸ì œ í•´ê²° : SCORE INT CHECK(SCORE >= 0 AND SCORE <= 100)


INSERT INTO STUDENT VALUES ('2024001', 'ê¹€ëŒ€í•™', 'ì»´í“¨í„°ê³µí•™ê³¼', 2, 'kim2024@univ.ac.kr');
INSERT INTO STUDENT VALUES ('2024002', 'ì´ê³µë¶€', 'ê²½ì˜í•™ê³¼', 1, 'lee2024@univ.ac.kr');

INSERT INTO SUBJECT VALUES ('CS101', 'í”„ë¡œê·¸ëž˜ë°ê¸°ì´ˆ', 3);
INSERT INTO SUBJECT VALUES ('BM201', 'ê²½ì˜í•™ì›ë¡ ', 3);
INSERT INTO SUBJECT VALUES ('EN101', 'ëŒ€í•™ì˜ì–´', 2);

INSERT INTO SCORE VALUES ('2024001', 'CS101', 95, '2024-1í•™ê¸°', DEFAULT);
INSERT INTO SCORE VALUES ('2024001', 'EN101', 88, '2024-1í•™ê¸°', DEFAULT);
INSERT INTO SCORE VALUES ('2024002', 'BM201', 92, '2024-1í•™ê¸°', DEFAULT);

-- ì œì•½ì¡°ê±´ ìœ„ë°˜ í…ŒìŠ¤íŠ¸
INSERT INTO STUDENT VALUES ('2024003', 'ë°•ì¤‘ë³µ', 'ìˆ˜í•™ê³¼', 2, 'kim2024@univ.ac.kr');
-- Error Code: 1062. Duplicate entry 'kim2024@univ.ac.kr' for key 'student.EMAIL'	0.031 sec
-- ì´ë©”ì¼ ì¤‘ë³µ
INSERT INTO SCORE VALUES ('2024001', 'CS101', 150, '2024-1í•™ê¸°', DEFAULT);
-- Error Code: 3819. Check constraint 'score_chk_1' is violated.	0.000 sec
-- í•™ë²ˆ, ê³¼ëª©, í•™ê¸° ê¸°ë³¸í‚¤ ì¤‘ë³µ, ì ìˆ˜ ì œì•½ì¡°ê±´ ìœ„ë°˜
INSERT INTO SCORE VALUES ('2024001', 'CS101', 90, '2024-1í•™ê¸°', DEFAULT);
-- Error Code: 1062. Duplicate entry '2024001-CS101-2024-1í•™ê¸°' for key 'score.PRIMARY'	0.000 sec
-- í•™ë²ˆ, ê³¼ëª©, í•™ê¸° ê¸°ë³¸í‚¤ ì¤‘ë³µ